person,state,district,vote,name,party
400110,MI,15,Yea,"Rep. John D. Dingell [D, 1955-1964]",Democrat
400572,CA,29,Yea,"Rep. George E. Brown [D, 1963-1970]",Democrat
400665,VA,4,Nay,"Rep. Watkins Abbitt [D, 1947-1972]",Democrat
400674,OH,10,Yea,"Rep. Homer Abele [R, 1963-1964]",Republican
400678,MS,1,Nay,"Rep. Thomas Abernethy [D, 1953-1972]",Democrat
400685,IN,4,Yea,"Rep. Edwin “Ross” Adair [R, 1951-1970]",Republican
400713,NY,7,Yea,"Rep. Joseph Addabbo [D, 1963-1982]",Democrat
400732,OK,3,Yea,"Rep. Carl Albert [D, 1947-1976]",Democrat
400764,TX,5,Nay,"Rep. Bruce Alger [R, 1955-1964]",Republican
400850,IL,16,Yea,"Rep. John Bayard Anderson [R, 1961-1980]",Republican
400877,AL,0,Nay,"Rep. George William Andrews [D, 1963-1964]",Democrat
400881,ND,1,Yea,"Rep. Mark Andrews [R, 1963-1972]",Republican
400915,IL,17,Yea,"Rep. Leslie Arends [R, 1935-1972]",Republican
400949,OH,17,Nay,"Rep. John Ashbrook [R, 1961-1982]",Republican
400959,OH,9,Yea,"Rep. Thomas Ashley [D, 1955-1980]",Democrat
400962,SC,4,Nay,"Rep. Robert Ashmore [D, 1953-1968]",Democrat
400968,CO,4,Yea,"Rep. Wayne Aspinall [D, 1949-1972]",Democrat
400986,NJ,3,Yea,"Rep. James Auchincloss [R, 1943-1964]",Republican
400997,KS,2,Present,"Rep. William Henry Avery [R, 1963-1964]",Republican
401006,OH,14,Yea,"Rep. William Hanes Ayres [R, 1951-1970]",Republican
401068,TN,2,Nay,"Rep. Irene Baker [R, 1963-1964]",Republican
401094,CA,14,Yea,"Rep. John Finley Baldwin [R, 1963-1966]",Republican
401142,NV,0,Nay,"Rep. Walter Baring [D, 1957-1972]",Democrat
401178,PA,1,Yea,"Rep. William Aloysius Barrett [D, 1949-1976]",Democrat
401189,NY,25,Yea,"Rep. Robert Barry [R, 1963-1964]",Republican
401219,TN,6,Yea,"Rep. Ross Bass [D, 1955-1964]",Democrat
401234,MA,6,Yea,"Rep. William Bates [R, 1949-1970]",Republican
401236,MT,2,Nay,"Rep. James Battin [R, 1961-1970]",Republican
401285,NY,5,Yea,"Rep. Frank Becker [R, 1963-1964]",Republican
401289,TX,3,Nay,"Rep. Lindley Beckworth [D, 1957-1966]",Democrat
401302,NE,1,Nay,"Rep. Ralph Beermann [R, 1963-1964]",Republican
401315,OK,1,Nay,"Rep. Page Belcher [R, 1953-1972]",Republican
401322,CA,28,Yea,"Rep. Alphonzo Bell [R, 1963-1974]",Republican
401363,FL,2,Nay,"Rep. Charles Edward Bennett [D, 1949-1966]",Democrat
401369,MI,12,Present,"Rep. John Bennett [R, 1947-1964]",Republican
401403,SD,2,Nay,"Rep. Ellis Berry [R, 1951-1970]",Republican
401412,OH,8,Yea,"Rep. Jackson Betts [R, 1951-1972]",Republican
401525,MN,8,Yea,"Rep. John Blatnik [D, 1947-1974]",Democrat
401562,LA,2,Nay,"Rep. Thomas Boggs [D, 1947-1972]",Democrat
401568,MA,2,Yea,"Rep. Edward Boland [D, 1953-1988]",Democrat
401573,MO,5,Yea,"Rep. Richard Bolling [D, 1949-1982]",Democrat
401575,OH,22,Yea,"Rep. Frances Bolton [R, 1939-1968]",Republican
401576,OH,11,Yea,"Rep. Oliver Bolton [R, 1963-1964]",Republican
401586,NC,1,Nay,"Rep. Herbert Bonner [D, 1939-1966]",Democrat
401638,OH,16,Yea,"Rep. Frank Bow [R, 1951-1972]",Republican
401696,IN,3,Yea,"Rep. John Brademas [D, 1959-1980]",Democrat
401737,IN,7,Yea,"Rep. William Bray [R, 1951-1966]",Republican
401808,TN,3,Nay,"Rep. William Brock III [R, 1963-1970]",Republican
401824,IA,2,Yea,"Rep. James Bromwell [R, 1961-1964]",Republican
401837,TX,2,Yea,"Rep. Jack Brooks [D, 1953-1966]",Democrat
401847,MI,18,Yea,"Rep. William Broomfield [R, 1957-1972]",Republican
401850,CO,2,Yea,"Rep. Donald Brotzman [R, 1963-1964]",Republican
401866,OH,7,Yea,"Rep. Clarence Brown [R, 1939-1966]",Republican
401918,NC,9,Nay,"Rep. James Broyhill [R, 1963-1968]",Republican
401919,VA,10,Nay,"Rep. Joel Broyhill [R, 1953-1974]",Republican
401921,IN,11,Yea,"Rep. Donald Bruce [R, 1961-1964]",Republican
401974,NY,23,Yea,"Rep. Charles Anthony Buckley [D, 1963-1964]",Democrat
402038,MA,11,Yea,"Rep. James Anthony Burke [D, 1963-1978]",Democrat
402049,CA,27,Yea,"Rep. Everett Burkhalter [D, 1963-1964]",Democrat
402056,TX,17,Nay,"Rep. Omar Burleson [D, 1947-1978]",Democrat
402097,UT,1,Yea,"Rep. Laurence Burton [R, 1963-1970]",Republican
402098,CA,5,Yea,"Rep. Phillip Burton [D, 1963-1974]",Democrat
402151,PA,3,Yea,"Rep. James Byrne [D, 1953-1972]",Democrat
402155,WI,8,Yea,"Rep. John Byrnes [R, 1945-1972]",Republican
402180,NJ,1,Yea,"Rep. William Cahill [R, 1959-1966]",Republican
402225,CA,25,Yea,"Rep. Ronald Cameron [D, 1963-1966]",Democrat
402292,NY,15,Yea,"Rep. Hugh Carey [D, 1963-1974]",Democrat
402373,TX,22,Nay,"Rep. Robert Casey [D, 1959-1976]",Democrat
402407,MI,10,Yea,"Rep. Elford Cederberg [R, 1953-1978]",Republican
402408,NY,10,Yea,"Rep. Emanuel Celler [D, 1963-1972]",Democrat
402418,MI,6,Yea,"Rep. Charles Chamberlain [R, 1957-1974]",Republican
402482,KY,4,Nay,"Rep. Frank Chelf [D, 1945-1966]",Democrat
402485,CO,3,Yea,"Rep. John Chenoweth [R, 1951-1964]",Republican
402548,OH,2,Yea,"Rep. Donald Clancy [R, 1961-1976]",Republican
402569,PA,25,Not Voting,"Rep. Frank Monroe Clark [D, 1955-1974]",Democrat
402613,CA,1,Yea,"Rep. Donald Clausen [R, 1963-1974]",Republican
402614,CA,23,Nay,"Rep. Delwin Clawson [R, 1963-1974]",Republican
402647,NH,2,Yea,"Rep. James Cleveland [R, 1963-1980]",Republican
402725,CA,7,Yea,"Rep. Jeffery Cohelan [D, 1959-1970]",Democrat
402758,IL,10,Yea,"Rep. Harold Collier [R, 1957-1972]",Republican
402773,MS,5,Nay,"Rep. William Colmer [D, 1963-1972]",Democrat
402833,MA,1,Yea,"Rep. Silvio Conte [R, 1959-1991]",Republican
402857,NC,4,Nay,"Rep. Harold Cooley [D, 1933-1966]",Democrat
402892,PA,18,Yea,"Rep. Robert Corbett [R, 1963-1972]",Republican
402900,CA,22,Yea,"Rep. James Corman [D, 1961-1974]",Democrat
402983,FL,12,Nay,"Rep. William Cramer [R, 1963-1966]",Republican
403099,NE,2,Yea,"Rep. Glenn Cunningham [R, 1957-1970]",Republican
403112,PA,8,Yea,"Rep. Willard Curtin [R, 1957-1966]",Republican
403121,MO,2,Yea,"Rep. Thomas Curtis [R, 1953-1968]",Republican
403145,CT,1,Yea,"Rep. Emilio Daddario [D, 1959-1970]",Democrat
403148,PA,9,Yea,"Rep. Paul Dague [R, 1947-1966]",Republican
403181,NJ,14,Yea,"Rep. Dominick Daniels [D, 1959-1976]",Democrat
403231,TN,9,Nay,"Rep. Clifford Davis [D, 1953-1964]",Democrat
403257,GA,7,Nay,"Rep. John Davis [D, 1961-1974]",Democrat
403290,IL,1,Yea,"Rep. William Levi Dawson [D, 1943-1970]",Democrat
403355,NY,9,Yea,"Rep. James Delaney [D, 1963-1978]",Democrat
403393,PA,21,Yea,"Rep. John Dent [D, 1957-1978]",Democrat
403398,IN,8,Yea,"Rep. Winfield Denton [D, 1955-1966]",Democrat
403402,NY,3,Yea,"Rep. Steven Derounian [R, 1963-1964]",Republican
403405,IL,4,Yea,"Rep. Edward Derwinski [R, 1959-1982]",Republican
403411,OH,12,Yea,"Rep. Samuel Devine [R, 1959-1980]",Republican
403462,MI,13,Yea,"Rep. Charles Diggs [D, 1955-1980]",Democrat
403515,KS,1,Yea,"Rep. Robert Dole [R, 1963-1968]",Republican
403532,MA,4,Yea,"Rep. Harold Donohue [D, 1947-1972]",Democrat
403544,SC,3,Nay,"Rep. William Dorn [D, 1951-1974]",Democrat
403577,TX,7,Nay,"Rep. John Dowdy [D, 1951-1966]",Democrat
403583,VA,1,Nay,"Rep. Thomas Downing [D, 1959-1976]",Democrat
403633,NY,41,Yea,"Rep. Thaddeus Dulski [D, 1959-1972]",Democrat
403644,OR,4,Yea,"Rep. Robert Duncan [D, 1963-1966]",Democrat
403690,NJ,6,Yea,"Rep. Florence Dwyer [R, 1957-1966]",Republican
403749,OK,2,Yea,"Rep. Edmond Edmondson [D, 1953-1972]",Democrat
403776,CA,9,Yea,"Rep. William Donlon “Don” Edwards [D, 1963-1974]",Democrat
403811,AL,0,Nay,"Rep. Carl Elliott [D, 1963-1964]",Democrat
403839,KS,3,Yea,"Rep. Robert Ellsworth [R, 1963-1966]",Republican
403946,TN,8,Nay,"Rep. Robert Ashton Everett [D, 1957-1970]",Democrat
403952,TN,4,Nay,"Rep. Joseph Evins [D, 1953-1976]",Democrat
403974,MD,4,Yea,"Rep. George Fallon [D, 1945-1970]",Democrat
403977,NY,19,Yea,"Rep. Leonard Farbstein [D, 1957-1970]",Democrat
404002,FL,4,Nay,"Rep. Dante Fascell [D, 1955-1966]",Democrat
404020,OH,20,Yea,"Rep. Michael Feighan [D, 1943-1970]",Democrat
404079,IL,20,Yea,"Rep. Paul Findley [R, 1961-1982]",Republican
404090,IL,9,Yea,"Rep. Edward Finnegan [D, 1963-1964]",Democrat
404092,NY,24,Yea,"Rep. Paul Fino [R, 1963-1968]",Republican
404107,TX,21,Nay,"Rep. Ovie Fisher [D, 1943-1974]",Democrat
404164,PA,11,Yea,"Rep. Daniel Flood [D, 1955-1980]",Democrat
404184,GA,4,Nay,"Rep. John Flynt [D, 1953-1964]",Democrat
404188,RI,2,Yea,"Rep. John Fogarty [D, 1941-1968]",Democrat
404212,MI,5,Yea,"Rep. Gerald Ford [R, 1949-1974]",Republican
404223,TX,16,Nay,"Rep. Edgar Foreman [R, 1963-1964]",Republican
404233,GA,3,Nay,"Rep. Elijah Forrester [D, 1951-1964]",Democrat
404268,NC,2,Nay,"Rep. Lawrence Fountain [D, 1953-1982]",Democrat
404297,MN,5,Yea,"Rep. Donald Fraser [D, 1963-1978]",Democrat
404317,NJ,5,Yea,"Rep. Peter Frelinghuysen [R, 1953-1974]",Republican
404329,MD,7,Yea,"Rep. Samuel Friedel [D, 1953-1970]",Democrat
404364,PA,27,Yea,"Rep. James Fulton [R, 1953-1972]",Republican
404365,TN,5,Yea,"Rep. Richard Fulton [D, 1963-1976]",Democrat
404371,FL,9,Nay,"Rep. Don Fuqua [D, 1963-1966]",Democrat
404393,NJ,13,Yea,"Rep. Cornelius Gallagher [D, 1959-1972]",Democrat
404443,MD,3,Yea,"Rep. Edward Garmatz [D, 1947-1972]",Democrat
404463,VA,3,Nay,"Rep. Julian Gary [D, 1945-1964]",Democrat
404470,AR,1,Nay,"Rep. Ezekiel Gathings [D, 1939-1968]",Democrat
404519,CT,3,Yea,"Rep. Robert Giaimo [D, 1959-1980]",Democrat
404520,FL,10,Nay,"Rep. Sam Gibbons [D, 1963-1966]",Democrat
404541,NY,22,Yea,"Rep. Jacob Gilbert [D, 1963-1970]",Democrat
404557,HI,1,Yea,"Rep. Thomas Gill [D, 1963-1964]",Democrat
404599,NJ,2,Yea,"Rep. Milton Glenn [R, 1957-1964]",Republican
404634,TX,20,Yea,"Rep. Henry González [D, 1961-1998]",Democrat
404643,NY,38,Yea,"Rep. Charles Goodell [R, 1963-1966]",Republican
404650,PA,19,Yea,"Rep. George Goodling [R, 1961-1964]",Republican
404704,CT,0,Yea,"Rep. Bernard Grabowski [D, 1963-1964]",Democrat
404732,AL,0,Nay,"Rep. George Grant [D, 1963-1964]",Democrat
404750,IL,21,Yea,"Rep. Kenneth Gray [D, 1963-1972]",Democrat
404757,OR,3,Yea,"Rep. Edith Green [D, 1955-1974]",Democrat
404768,PA,5,Yea,"Rep. William Green [D, 1964-1972]",Democrat
404810,MI,9,Yea,"Rep. Robert Griffin [R, 1957-1966]",Republican
404816,MI,17,Yea,"Rep. Martha Griffiths [D, 1955-1974]",Democrat
404840,IA,3,Nay,"Rep. Harold Gross [R, 1949-1974]",Republican
404849,NY,2,Yea,"Rep. James Grover [R, 1963-1974]",Republican
404857,CA,10,Yea,"Rep. Charles Gubser [R, 1953-1974]",Republican
404876,FL,11,Nay,"Rep. Edward Gurney [R, 1963-1966]",Republican
404895,GA,1,Nay,"Rep. George Hagan [D, 1961-1972]",Democrat
404898,CA,18,Yea,"Rep. Harlan Hagen [D, 1963-1966]",Democrat
404926,FL,7,Nay,"Rep. James Haley [D, 1953-1972]",Democrat
404934,MO,7,Nay,"Rep. Durward Hall [R, 1961-1972]",Republican
404964,IN,2,Yea,"Rep. Charles Halleck [R, 1935-1968]",Republican
404967,NY,6,Yea,"Rep. Seymour Halpern [R, 1963-1972]",Republican
405046,CA,34,Yea,"Rep. Richard Thomas Hanna [D, 1963-1974]",Democrat
405055,WA,3,Yea,"Rep. Julia Hansen [D, 1959-1974]",Democrat
405072,ID,2,Yea,"Rep. Ralph Harding [D, 1961-1964]",Democrat
405078,VA,2,Nay,"Rep. Porter Hardy [D, 1947-1968]",Democrat
405127,AR,4,Nay,"Rep. Oren Harris [D, 1953-1966]",Democrat
405154,WY,0,Nay,"Rep. William Harrison [R, 1961-1964]",Republican
405155,OH,6,Yea,"Rep. William Harsha [R, 1961-1980]",Republican
405179,MI,8,Yea,"Rep. James Harvey [R, 1961-1974]",Republican
405183,IN,10,Yea,"Rep. Ralph Harvey [R, 1961-1966]",Republican
405236,CA,21,Yea,"Rep. Augustus “Gus” Hawkins [D, 1963-1974]",Democrat
405275,OH,18,Yea,"Rep. Wayne Hays [D, 1949-1976]",Democrat
405290,NY,21,Yea,"Rep. James Healey [D, 1963-1964]",Democrat
405303,LA,1,Not Voting,"Rep. Felix Hébert [D, 1941-1976]",Democrat
405304,WV,4,Yea,"Rep. Kenneth Hechler [D, 1959-1976]",Democrat
405342,NC,3,Nay,"Rep. David Newton Henderson [D, 1961-1976]",Democrat
405392,FL,5,Nay,"Rep. Albert Herlong [D, 1949-1966]",Democrat
405531,IA,6,Yea,"Rep. Charles Hoeven [R, 1963-1964]",Republican
405537,IL,14,Yea,"Rep. Elmer Hoffman [R, 1959-1964]",Republican
405565,CA,19,Yea,"Rep. Chester Holifield [D, 1943-1974]",Democrat
405569,PA,20,Yea,"Rep. Elmer Holland [D, 1963-1968]",Democrat
405636,WA,5,Yea,"Rep. Walter “Walt” Horan [R, 1943-1964]",Republican
405646,NY,36,Yea,"Rep. Frank Jefferson Horton [R, 1963-1972]",Republican
405651,CA,32,Yea,"Rep. Craig Hosmer [R, 1963-1974]",Republican
405750,AL,0,Nay,"Rep. George Huddleston Jr. [D, 1963-1964]",Democrat
405792,MO,6,Nay,"Rep. William Raleigh Hull [D, 1955-1972]",Democrat
405852,MI,4,Yea,"Rep. Edward Hutchinson [R, 1963-1976]",Republican
405863,MO,8,Yea,"Rep. Richard Ichord [D, 1961-1980]",Democrat
405962,OK,5,Nay,"Rep. John Jarman [D, 1951-1976]",Democrat
406000,VA,9,Nay,"Rep. William Jennings [D, 1955-1966]",Democrat
406002,IA,7,Nay,"Rep. Benton Jensen [R, 1939-1964]",Republican
406010,NJ,8,Yea,"Rep. Charles Joelson [D, 1961-1970]",Democrat
406011,MI,3,Nay,"Rep. August Johansen [R, 1955-1964]",Republican
406016,PA,23,Yea,"Rep. Albert Walter Johnson [R, 1963-1976]",Republican
406034,CA,2,Yea,"Rep. Harold Johnson [D, 1959-1974]",Democrat
406056,WI,9,Yea,"Rep. Lester Johnson [D, 1953-1964]",Democrat
406101,NC,8,Nay,"Rep. Charles Raper Jonas [R, 1963-1968]",Republican
406139,MO,10,Nay,"Rep. Paul Jones [D, 1947-1966]",Democrat
406141,AL,0,Nay,"Rep. Robert Emmett Jones [D, 1963-1964]",Democrat
406185,MO,1,Yea,"Rep. Frank Karsten [D, 1953-1968]",Democrat
406186,MN,4,Not Voting,"Rep. Joseph Karth [D, 1959-1976]",Democrat
406191,WI,2,Yea,"Rep. Robert Kastenmeier [D, 1959-1990]",Democrat
406210,WV,5,Yea,"Rep. Maude Kee [D, 1951-1964]",Democrat
406223,MA,12,Yea,"Rep. Hastings Keith [R, 1963-1972]",Republican
406240,NY,12,Yea,"Rep. Edna Kelly [D, 1963-1968]",Democrat
406296,NY,11,Yea,"Rep. Eugene Keogh [D, 1963-1966]",Democrat
406334,NY,31,Not Voting,"Rep. Clarence Kilburn [R, 1963-1964]",Republican
406340,TX,15,Nay,"Rep. Joe Kilgore [D, 1955-1964]",Democrat
406356,NY,30,Yea,"Rep. Carleton King [R, 1963-1972]",Republican
406357,CA,17,Yea,"Rep. Cecil King [D, 1941-1968]",Democrat
406403,OH,19,Yea,"Rep. Michael Kirwan [D, 1937-1970]",Democrat
406430,IL,5,Yea,"Rep. John Kluczynski [D, 1951-1976]",Democrat
406454,MI,11,Nay,"Rep. Victor Knox [R, 1953-1964]",Republican
406472,NC,6,Nay,"Rep. Horace Kornegay [D, 1961-1968]",Democrat
406494,PA,16,Yea,"Rep. John Crain Kunkel [R, 1961-1966]",Republican
406504,IA,4,Yea,"Rep. John Kyl [R, 1959-1964]",Republican
406534,WI,7,Yea,"Rep. Melvin Laird [R, 1953-1970]",Republican
406563,GA,9,Nay,"Rep. Phillip Landrum [D, 1953-1976]",Democrat
406578,MN,7,Yea,"Rep. Odin Langen [R, 1963-1970]",Republican
406590,MD,5,Present,"Rep. Richard Lankford [D, 1955-1964]",Democrat
406622,OH,5,Yea,"Rep. Delbert Latta [R, 1959-1988]",Republican
406725,CA,4,Yea,"Rep. Robert Leggett [D, 1963-1978]",Democrat
406743,NC,7,Nay,"Rep. Alton Lennon [D, 1957-1972]",Democrat
406755,MI,16,Present,"Rep. John Lesinski Jr. [D, 1951-1964]",Democrat
406794,IL,7,Yea,"Rep. Roland Libonati [D, 1957-1964]",Democrat
406819,NY,17,Yea,"Rep. John Lindsay [R, 1959-1966]",Republican
406836,CA,24,Nay,"Rep. Glenard Lipscomb [R, 1953-1970]",Republican
406874,UT,2,Not Voting,"Rep. Sherman Lloyd [R, 1963-1964]",Republican
406904,MD,2,Yea,"Rep. Clarence Long [D, 1963-1984]",Democrat
406908,LA,8,Nay,"Rep. Gillis Long [D, 1963-1964]",Democrat
407035,MA,7,Yea,"Rep. Torbert Macdonald [D, 1963-1976]",Democrat
407040,MN,3,Yea,"Rep. Clark MacGregor [R, 1961-1970]",Republican
407067,IN,1,Yea,"Rep. Ray Madden [D, 1943-1976]",Democrat
407093,TX,19,Nay,"Rep. George Mahon [D, 1935-1978]",Democrat
407098,CA,6,Yea,"Rep. William Mailliard [R, 1963-1974]",Republican
407171,VA,7,Nay,"Rep. John Marsh [D, 1963-1970]",Democrat
407197,NE,3,Yea,"Rep. David Thomas Martin [R, 1963-1974]",Republican
407212,MA,10,Yea,"Rep. Joseph William Martin [R, 1963-1966]",Republican
407217,CA,38,Nay,"Rep. Patrick Martin [R, 1963-1964]",Republican
407259,MD,6,Yea,"Rep. Charles Mathias [R, 1961-1968]",Republican
407268,HI,2,Yea,"Rep. Spark Matsunaga [D, 1963-1970]",Democrat
407271,FL,8,Nay,"Rep. Donald “Billy” Matthews [D, 1953-1966]",Democrat
407291,WA,4,Yea,"Rep. Catherine May [R, 1959-1970]",Republican
407349,IL,12,Yea,"Rep. Robert McClory [R, 1963-1972]",Republican
407394,OH,4,Yea,"Rep. William McCulloch [R, 1947-1972]",Republican
407400,PA,10,Yea,"Rep. Joseph McDade [R, 1963-1998]",Republican
407418,DE,0,Yea,"Rep. Harris McDowell [D, 1959-1966]",Democrat
407436,CA,15,Yea,"Rep. John McFall [D, 1963-1974]",Democrat
407475,ME,2,Yea,"Rep. Clifford McIntire [R, 1963-1964]",Republican
407550,IL,19,Yea,"Rep. Robert McLoskey [R, 1963-1964]",Republican
407559,SC,6,Nay,"Rep. John Lanneau McMillan [D, 1939-1972]",Democrat
407609,MI,2,Nay,"Rep. George Meader [R, 1951-1964]",Republican
407676,IL,18,Yea,"Rep. Robert Michel [R, 1957-1994]",Republican
407706,CA,8,Yea,"Rep. George Paul Miller [D, 1953-1972]",Democrat
407740,NY,40,Not Voting,"Rep. William Edward Miller [R, 1953-1964]",Republican
407748,PA,7,Yea,"Rep. William Milliken [R, 1959-1964]",Republican
407756,AR,2,Nay,"Rep. Wilbur Mills [D, 1939-1976]",Democrat
407773,NJ,11,Yea,"Rep. Joseph Minish [D, 1963-1984]",Democrat
407775,OH,23,Yea,"Rep. William Minshall [R, 1955-1974]",Republican
407820,CT,5,Yea,"Rep. John Monagan [D, 1959-1972]",Democrat
407848,NM,0,Yea,"Rep. Joseph Montoya [D, 1957-1964]",Democrat
407864,WV,1,Yea,"Rep. Arch Moore [R, 1957-1968]",Republican
407901,PA,14,Yea,"Rep. William Moorhead [D, 1963-1980]",Democrat
407926,PA,26,Yea,"Rep. Thomas Morgan [D, 1953-1972]",Democrat
407958,NM,0,Yea,"Rep. Thomas Gayle Morris [D, 1959-1968]",Democrat
407963,LA,6,Nay,"Rep. James Hobson Morrison [D, 1943-1966]",Democrat
407976,MA,5,Yea,"Rep. Frank Morse [R, 1961-1972]",Republican
407988,MD,1,Yea,"Rep. Rogers Morton [R, 1963-1972]",Republican
407998,OH,13,Yea,"Rep. Charles Mosher [R, 1961-1976]",Republican
408002,CA,3,Yea,"Rep. John Emerson Moss [D, 1953-1978]",Democrat
408040,NY,13,Yea,"Rep. Abraham Multer [D, 1953-1968]",Democrat
408062,NY,16,Yea,"Rep. John Michael Murphy [D, 1963-1972]",Democrat
408068,IL,3,Yea,"Rep. William Murphy [D, 1959-1970]",Democrat
408077,TN,7,Nay,"Rep. Thomas Jefferson Murray [D, 1953-1966]",Democrat
408103,KY,2,Nay,"Rep. William Natcher [D, 1953-1994]",Democrat
408111,MI,1,Yea,"Rep. Lucien Nedzi [D, 1961-1964]",Democrat
408119,MN,2,Yea,"Rep. Ancher Nelsen [R, 1959-1974]",Republican
408197,PA,2,Yea,"Rep. Robert Nix [D, 1963-1978]",Democrat
408217,OR,1,Not Voting,"Rep. Albin Norblad [R, 1945-1964]",Republican
408266,NY,29,Yea,"Rep. Leo O’Brien [D, 1963-1966]",Democrat
408288,IL,2,Yea,"Rep. Barratt O’Hara [D, 1953-1968]",Democrat
408290,MI,7,Yea,"Rep. James Grant O’Hara [D, 1959-1964]",Democrat
408292,WI,10,Yea,"Rep. Alvin O’Konski [R, 1943-1972]",Republican
408307,MA,8,Yea,"Rep. Thomas “Tip” O’Neill [D, 1963-1986]",Democrat
408355,MT,1,Yea,"Rep. Arnold Olsen [D, 1961-1970]",Democrat
408356,MN,6,Yea,"Rep. Alec Olson [D, 1963-1966]",Democrat
408375,NJ,9,Yea,"Rep. Frank Osmers [R, 1951-1964]",Republican
408376,NY,37,Yea,"Rep. Harold Ostertag [R, 1963-1964]",Republican
408507,LA,5,Nay,"Rep. Otto Passman [D, 1947-1976]",Democrat
408511,TX,1,Nay,"Rep. John Patman [D, 1931-1976]",Democrat
408514,NJ,15,Yea,"Rep. Edward Patten [D, 1963-1980]",Democrat
408600,WA,1,Yea,"Rep. Thomas Pelly [R, 1953-1972]",Republican
408621,FL,3,Yea,"Rep. Claude Pepper [D, 1963-1966]",Democrat
408633,KY,7,Yea,"Rep. Carl Dewey Perkins [D, 1949-1984]",Democrat
408703,MA,3,Yea,"Rep. Philip Philbin [D, 1943-1970]",Democrat
408725,TX,10,Yea,"Rep. James “Jake” Pickle [D, 1963-1994]",Democrat
408745,NY,1,Yea,"Rep. Otis Pike [D, 1961-1978]",Democrat
408746,GA,2,Not Voting,"Rep. John Pilcher [D, 1953-1964]",Democrat
408749,NY,39,Yea,"Rep. John Pillion [R, 1963-1964]",Republican
408762,NY,32,Yea,"Rep. Alexander Pirnie [R, 1963-1972]",Republican
408791,TX,11,Nay,"Rep. William Poage [D, 1937-1978]",Democrat
408794,VA,6,Nay,"Rep. Richard Poff [R, 1953-1972]",Republican
408817,TX,0,Nay,"Rep. Joe Pool [D, 1963-1966]",Democrat
408862,NY,18,Not Voting,"Rep. Adam Powell [D, 1963-1970]",Democrat
408907,IL,24,Yea,"Rep. Charles Price [D, 1953-1972]",Democrat
408942,IL,11,Yea,"Rep. Roman Pucinski [D, 1959-1972]",Democrat
408952,TX,13,Nay,"Rep. Graham Purcell [D, 1961-1972]",Democrat
408973,MN,1,Yea,"Rep. Albert Quie [R, 1957-1978]",Republican
408976,TN,1,Nay,"Rep. James Quillen [R, 1963-1996]",Republican
409000,AL,0,Nay,"Rep. Albert Rains [D, 1963-1964]",Democrat
409022,MO,4,Yea,"Rep. William Joseph Randall [D, 1959-1976]",Democrat
409121,IL,15,Nay,"Rep. Charlotte Reid [R, 1963-1972]",Republican
409127,NY,26,Yea,"Rep. Ogden Reid [R, 1963-1972]",Republican
409129,SD,1,Yea,"Rep. Benjamin Reifel [R, 1961-1970]",Republican
409142,WI,5,Yea,"Rep. Henry Reuss [D, 1955-1982]",Democrat
409163,PA,6,Yea,"Rep. George Rhodes [D, 1963-1968]",Democrat
409164,AZ,1,Yea,"Rep. John Rhodes [R, 1953-1982]",Republican
409182,OH,1,Yea,"Rep. Carl Rich [R, 1963-1964]",Republican
409226,NY,34,Yea,"Rep. Roy Riehlman [R, 1963-1964]",Republican
409254,SC,1,Nay,"Rep. Lucius Rivers [D, 1941-1970]",Democrat
409255,AK,0,Yea,"Rep. Ralph Rivers [D, 1959-1966]",Democrat
409283,TX,4,Nay,"Rep. Herbert Roberts [D, 1961-1980]",Democrat
409285,AL,0,Nay,"Rep. Kenneth Roberts [D, 1963-1964]",Democrat
409328,NY,33,Yea,"Rep. Howard Robison [R, 1963-1972]",Republican
409344,NJ,10,Yea,"Rep. Peter Rodino [D, 1949-1988]",Democrat
409357,CO,1,Yea,"Rep. Byron Rogers [D, 1951-1970]",Democrat
409368,FL,6,Nay,"Rep. Paul Rogers [D, 1955-1966]",Democrat
409371,TX,18,Not Voting,"Rep. Walter Rogers [D, 1951-1966]",Democrat
409388,PA,15,Yea,"Rep. Frederick Rooney [D, 1963-1978]",Democrat
409389,NY,14,Yea,"Rep. John Rooney [D, 1953-1974]",Democrat
409391,CA,26,Yea,"Rep. James Roosevelt [D, 1955-1966]",Democrat
409406,NY,8,Yea,"Rep. Benjamin Rosenthal [D, 1963-1982]",Democrat
409422,IL,8,Yea,"Rep. Daniel Rostenkowski [D, 1959-1992]",Democrat
409426,IN,6,Yea,"Rep. Richard Roudebush [R, 1961-1966]",Republican
409428,IN,5,Yea,"Rep. John Roush [D, 1959-1968]",Democrat
409446,CA,30,Yea,"Rep. Edward Roybal [D, 1963-1974]",Democrat
409467,IL,13,Yea,"Rep. Donald Rumsfeld [R, 1963-1970]",Republican
409512,MI,14,Yea,"Rep. Harold Ryan [D, 1961-1964]",Democrat
409518,NY,20,Yea,"Rep. William Fitts Ryan [D, 1961-1972]",Democrat
409612,PA,22,Yea,"Rep. John Saylor [R, 1953-1972]",Republican
409617,WI,1,Yea,"Rep. Henry Schadeberg [R, 1961-1964]",Republican
409625,OH,3,Yea,"Rep. Paul Schenck [R, 1951-1964]",Republican
409643,PA,17,Yea,"Rep. Herman Schneebeli [R, 1959-1976]",Republican
409666,PA,13,Yea,"Rep. Richard Schweiker [R, 1961-1968]",Republican
409668,IA,1,Yea,"Rep. Frederick Schwengel [R, 1955-1964]",Republican
409690,NC,5,Nay,"Rep. Ralph Scott [D, 1957-1966]",Democrat
409724,OH,15,Yea,"Rep. Robert Secrest [D, 1963-1966]",Democrat
409737,AL,0,Nay,"Rep. Armistead Selden [D, 1963-1964]",Democrat
409747,AZ,3,Yea,"Rep. George Senner [D, 1963-1966]",Democrat
409832,CA,33,Yea,"Rep. Harry Sheppard [D, 1963-1964]",Democrat
409861,IL,23,Yea,"Rep. George Shipley [D, 1959-1972]",Democrat
409872,ND,2,Nay,"Rep. Don Short [R, 1963-1964]",Republican
409882,KS,4,Yea,"Rep. Garner Shriver [R, 1961-1976]",Republican
409889,CT,4,Yea,"Rep. Abner Sibal [R, 1961-1964]",Republican
409895,MD,0,Yea,"Rep. Carlton Sickles [D, 1963-1966]",Democrat
409900,FL,1,Nay,"Rep. Robert Sikes [D, 1963-1978]",Democrat
409902,KY,5,Nay,"Rep. Eugene Siler [R, 1963-1964]",Republican
409946,CA,16,Yea,"Rep. Bernice Sisk [D, 1963-1976]",Democrat
409962,KS,5,Yea,"Rep. Joe Skubitz [R, 1963-1978]",Republican
409963,WV,3,Yea,"Rep. John Slack [D, 1963-1980]",Democrat
410027,CA,20,Nay,"Rep. Allen Smith [R, 1957-1972]",Republican
410036,VA,8,Nay,"Rep. Howard Smith [D, 1935-1966]",Democrat
410076,IA,5,Yea,"Rep. Neal Smith [D, 1959-1972]",Democrat
410142,KY,3,Nay,"Rep. Marion Snyder [R, 1963-1964]",Republican
410223,IL,22,Yea,"Rep. William Lee Springer [R, 1951-1972]",Republican
410230,NY,27,Yea,"Rep. Katharine St. George [R, 1963-1964]",Republican
410231,RI,1,Yea,"Rep. Fernand St. Germain [D, 1961-1988]",Democrat
410236,CT,2,Yea,"Rep. William St. Onge [D, 1963-1970]",Democrat
410241,MI,0,Yea,"Rep. Neil Staebler [D, 1963-1964]",Democrat
410242,VT,0,Yea,"Rep. Robert Stafford [R, 1961-1971]",Republican
410244,WV,2,Yea,"Rep. Harley Staggers [D, 1949-1980]",Democrat
410293,OK,4,Yea,"Rep. Thomas Steed [D, 1949-1980]",Democrat
410323,GA,10,Nay,"Rep. Robert Stephens [D, 1961-1976]",Democrat
410388,WA,7,Yea,"Rep. William Stinson [R, 1963-1964]",Republican
410455,NY,35,Yea,"Rep. Samuel Stratton [D, 1963-1970]",Democrat
410493,KY,1,Nay,"Rep. Frank Stubblefield [D, 1959-1974]",Democrat
410511,MO,3,Yea,"Rep. Leonor Sullivan [D, 1953-1976]",Democrat
410600,OH,0,Yea,"Rep. Robert Taft [R, 1963-1964]",Republican
410612,CA,12,Yea,"Rep. Burt Talcott [R, 1963-1974]",Republican
410682,NC,11,Nay,"Rep. Roy Taylor [D, 1963-1976]",Democrat
410691,CA,13,Yea,"Rep. Charles Teague [R, 1955-1974]",Republican
410692,TX,6,Nay,"Rep. Olin Teague [D, 1946-1978]",Democrat
410738,TX,8,Yea,"Rep. Albert Thomas [D, 1937-1966]",Democrat
410777,TX,9,Nay,"Rep. Clark Thompson [D, 1947-1966]",Democrat
410779,NJ,4,Yea,"Rep. Frank Thompson [D, 1955-1980]",Democrat
410797,LA,7,Nay,"Rep. Theo Thompson [D, 1953-1966]",Democrat
410812,WI,3,Yea,"Rep. Vernon Thomson [R, 1961-1974]",Republican
410870,PA,4,Yea,"Rep. Herman Toll [D, 1963-1966]",Democrat
410871,WA,6,Yea,"Rep. Thor Tollefson [R, 1947-1964]",Republican
410942,AR,3,Nay,"Rep. James Trimble [D, 1945-1966]",Democrat
410964,VA,5,Nay,"Rep. William Tuck [D, 1953-1968]",Democrat
410980,ME,1,Yea,"Rep. Stanley Tupper [R, 1963-1966]",Republican
411004,GA,8,Nay,"Rep. James Tuten [D, 1963-1966]",Democrat
411025,AZ,2,Yea,"Rep. Morris Udall [D, 1961-1991]",Democrat
411028,OR,2,Yea,"Rep. Albert Ullman [D, 1957-1980]",Democrat
411056,CA,35,Not Voting,"Rep. James Utt [R, 1963-1970]",Republican
411077,CA,37,Yea,"Rep. Lionel Van Deerlin [D, 1963-1972]",Democrat
411093,WI,6,Nay,"Rep. William Van Pelt [R, 1951-1964]",Republican
411126,OH,21,Yea,"Rep. Charles Vanik [D, 1955-1968]",Democrat
411160,GA,6,Nay,"Rep. Carl Vinson [D, 1933-1964]",Democrat
411197,LA,4,Nay,"Rep. Joseph Waggonner [D, 1961-1978]",Democrat
411268,NJ,12,Yea,"Rep. George Wallhauser [R, 1959-1964]",Republican
411368,SC,2,Nay,"Rep. Albert Watson [D, 1963-1970]",Democrat
411381,KY,6,Nay,"Rep. John Clarence Watts [D, 1951-1972]",Democrat
411394,PA,24,Yea,"Rep. James Dorman Weaver [R, 1963-1964]",Republican
411454,GA,5,Yea,"Rep. Charles Weltner [D, 1963-1966]",Democrat
411474,WA,2,Yea,"Rep. Alfred “Jack” Westland [R, 1953-1964]",Republican
411482,PA,12,Yea,"Rep. John Whalley [R, 1963-1972]",Republican
411485,NY,28,Yea,"Rep. James Wharton [R, 1963-1964]",Republican
411524,ID,1,Yea,"Rep. Compton White Jr. [D, 1963-1966]",Democrat
411570,NC,10,Nay,"Rep. Basil Whitener [D, 1963-1968]",Democrat
411587,MS,2,Nay,"Rep. Jamie Whitten [D, 1941-1972]",Democrat
411597,OK,6,Not Voting,"Rep. Victor Wickersham [D, 1961-1964]",Democrat
411602,NJ,7,Yea,"Rep. William Widnall [R, 1949-1974]",Republican
411674,MS,3,Nay,"Rep. John Bell Williams [D, 1963-1968]",Democrat
411715,LA,3,Nay,"Rep. Edwin Willis [D, 1949-1968]",Democrat
411726,CA,31,Yea,"Rep. Charles Herbert Wilson [D, 1963-1980]",Democrat
411727,IN,9,Nay,"Rep. Earl Wilson [R, 1961-1964]",Republican
411765,CA,36,Nay,"Rep. Robert Carlton “Bob” Wilson [R, 1963-1972]",Republican
411795,MS,4,Nay,"Rep. William Winstead [D, 1963-1964]",Democrat
411912,TX,12,Nay,"Rep. James Claude Wright [D, 1955-1989]",Democrat
411928,NY,4,Yea,"Rep. John Wydler [R, 1963-1972]",Republican
411930,NH,1,Nay,"Rep. Louis Wyman [R, 1963-1964]",Republican
411975,TX,14,Nay,"Rep. John Andrew Young [D, 1957-1978]",Democrat
411992,CA,11,Yea,"Rep. Jesse Younger [R, 1963-1968]",Republican
411994,WI,4,Yea,"Rep. Clement Zablocki [D, 1949-1983]",Democrat
